Author,Post Count
MarkHumes_Art,18
freshbylullo,17
dolly_queen123,17
bc_surreal,17
Urbandragonfly,17
LUPASAN2,17
sporadefcb,16
sailorravioli,16
XRPLion1,16
TwaRSA26,16
Dumblyz,16
Adrian_R_Morris,16
thebullcrypto12,15
salimouuh,15
owusuansahjere2,15
heshski,15
RoadtripC,15
NEMS_FYL,15
MikeThaInvestor,15
GemsPump100x,15
propjoesays,14
pinksviral,14
nathanattrill,14
itsstillkieran,14
huba0318,14
camwilderr,14
_IMBOWVYBD,14
Yaw__Stylish,14
TartanArmyGroup,14
SirZave,14
Miss_magnolia20,14
JjReigns7,14
scullather,13
ramahuro,13
mvukovcan,13
luchinkchinkx,13
heyjerey_nft,13
epictrades1,13
anael__mevoung,13
__Unknown_D_,13
TheKiddTy1,13
Salmander0,13
STOCKACTIVATION,13
RedactedRosalia,13
RAINBOWSHOPPH,13
PRINT3Rxyz,13
JimmyC1366,13
JibreelDia,13
IamUzenvic,13
ElesitaDuran,13
DuaneRankin,13
DigitalLeadTim,13
Dagreatdey4you,13
CNBCTV18Live,13
BeavertonPolice,13
AOT2,13
vincenzosellit5,12
theuserlovesu2,12
sthedoingthings,12
loyalmafia_,12
jbulltard1,12
illumanbeing,12
guyskickmynuts,12
geordiedentist,12
christo45899459,12
chileno_vergon,12
WinksFootball,12
TheTrefoilMan,12
SixthManJake,12
RIFLA,12
ProductiveOuts,12
PpunnchOfficial,12
MrTopStep,12
M7mdDani,12
LiveLancs,12
LexiLexiFBSM,12
Jongseongg,12
FunkButcher,12
DvdndDiplomats,12
CodedWiz,12
ClassicRoy,12
ChrissieJide3,12
CardanoChefPool,12
BlacVolta,12
BarristaPH,12
AdidasWrestling,12
yo__Obama,11
yk2aii,11
wixx_mangutha,11
trainersniffer3,11
thetripathi58,11
thebasilgray,11
poupaep,11
peterkulafe,11
petecopetaca,11
pb3060,11
osowxvyy,11
obiden_sux,11
misstrixxfeet,11
mbdailyshow,11
justfred_ar,11
jff_football,11
golfarph,11
garypalmerjr,11
edging_TOP,11
deepinsideherla,11
chitchatstocks,11
bballjkey,11
bargainhunter92,11
alaskababe420,11
_itskayboo,11
WomeninMarketin,11
WilmaBenton19,11
WebkidAfrika,11
TrevyLord,11
TheSocialStatus,11
TheKitchenPB,11
TheDegenBoii,11
TheCoolHour,11
ThandoPeaches,11
Shirutaro_,11
RubberKai,11
Rahuldubey5_,11
Okoliemeka7,11
NickPedone12,11
NUFC_Index,11
Musaigwa__,11
MissEllMae,11
MMAPropagande,11
MARYRLOU,11
Louis_Beneventi,11
KimNicky,11
JubbyHorse,11
Joanbondia1,11
Jellycubes_nft,11
JarlanPerez,11
JKDubai1,11
HashtagRaymondW,11
Gurasis_vk973,11
GENlUSJN,11
FentyHeadlines,11
D3STAB1LIZED,11
Bash3neA,11
AMAZlNGNATURE,11
99reference,11
100Thieves,11
westcoastpreps_,10
underwearsex,10
tre11turner,10
tess_szn,10
tcboyle,10
sportsfeedia,10
sourabhsanyal,10
san_x_m,10
saltyreigns,10
rwillis2916,10
royal_suitor,10
rOteger69,10
praisethesteph,10
passjog93,10
ogechib_,10
nocontextfooty,10
mob_xx,10
marksnotnice,10
kushanmitra,10
johndoee_pa,10
itsheydali,10
itsVasant,10
investinStockz,10
ffff2721,10
favourcantmiss,10
dougiefischer,10
coreypitts11,10
abmunene,10
_pqpviiickk,10
__lekan,10
YakubOlaitan2,10
WTAJnews,10
TrueSlazac,10
TrackGazette,10
TopSneakers_,10
TheRealMikaHAM,10
TheDilichi,10
TearOfSatoshi,10
Suns,10
StanleyMasinde_,10
Son_ImSleep,10
SomeEvertonFan,10
SEOforlondon,10
Pengting_99,10
PSOSLanarkshire,10
PSG_English,10
Mrfizzy_10,10
Mikae_NSFW,10
MarkConnollyCBC,10
LittleMsToxica,10
LIDomTop,10
HeavensFX,10
HSCircuit,10
European_DGI,10
DodgersFdn,10
DfwSho,10
DailySnkrsStock,10
Cryptofly777,10
Burgess7281975,10
BenMaluleke300,10
ArtOnInternet,10
Amazingdeals360,10
AllureKendra,10
ARVLoshan,10
3PeaksTrading,10
0xFiyopi,10
youwearfr,9
trusted_alphas,9
timbhealey,9
runliftrunlift,9
ninitears,9
marksmcneill,9
magajcs,9
madehoops,9
macandcube,9
kaylaparrilla,9
jpegagency,9
illest365,9
html5css3_dv,9
headmaster254,9
gracefullyIoved,9
fiifibansonjnr,9
empireenjoyer10,9
dr_nickiw,9
dealshundred,9
de_mubee,9
cryptocandy24x,9
crypto,9
ceolawyer,9
assilemamore,9
amid_temitayo,9
abbkar_ai,9
Waleed_Nohur,9
TuurDierckx,9
TristanUda,9
Tottenham_Feed,9
The_Clios,9
TheVillaHome,9
Taidagreat92,9
Sun_Flower119,9
StockChartPros,9
Sportico,9
ShreyaPattar,9
ShiinaBR,9
ScottHoward78,9
SchonMagazine,9
SSBBWAmber420,9
Real_KingSfiso,9
ProTwoolz,9
PaulDuddridge,9
Patriot911News,9
OllieGlanvill,9
OSINTreporting,9
NorfolkKnights,9
MirandaevaM,9
MachiMughogho,9
LucasMoagi3,9
LamineBall_,9
LaMaisonGaga_,9
KirscheVerstahl,9
Jace_mcfc,9
H7MILT0N,9
GolfOnline,9
GamblinGauchos,9
GOP_is_Gutless,9
GDNonline,9
Forever_Rayyan,9
ChaaliiyKay,9
Carrie_Kelly17,9
Brickie36,9
Bheki_Nyathi,9
BSNSPORTS,9
AssjobHentai,9
AllFutbolMX,9
AD_TheArtist,9
vip88d,8
ubos_yaman,8
tymahhhhh,8
twinkx_official,8
tokenomy,8
theone_xyz,8
theivyaspen,8
stadio,8
skbytes,8
sescoops,8
sdmts,8
psk2329,8
philmandelbaum,8
michaelmiraflor,8
kimmarcella78,8
jhamel,8
jfcarpio,8
jcmarbury,8
jaf7,8
hjwakerley,8
ghostmn01,8
gayking390,8
danny_jami,8
babyjanee__,8
akili_smith,8
acipanser,8
WishATL,8
Vanji_Lip777,8
TommyNoMates,8
Tlou_regi,8
Tarfism,8
SynergySST,8
StrategyOnline,8
SonicsONTap,8
Rotichk,8
RasmusHojlund02,8
RYZEHoops,8
Prosper_selorm,8
Povoas94Daniel,8
PlayfixLab,8
Olivia_OF_,8
OhDangitEvie,8
Ndi_Sandra,8
L2Degens,8
KingCalsium,8
JodelStoriesHQ,8
JICHOdaDOG,8
HuguesZango_TS,8
Horlarprestige,8
HaroldWNelson,8
HardonMontreal,8
HardGuyOfficial,8
GeniusyieldO,8
GeneInvesting,8
FrontRowGrunt,8
Fra_nk001,8
FlintPoliceOps,8
EthereumClubETH,8
EM_Creates,8
DavisJrTHEGREAT,8
DaryleLSmith,8
Como_1907,8
Cmusclexxx,8
BoneKnightmare,8
BloombergRadio,8
50YearsAgoLive,8
444holywitch,8
222essia,8
zach_barnett,7
waiii____kibaki,7
shugarbreaddd_,7
sandanyi,7
ohhjanjan,7
muniphoca,7
mistcop,7
kinkyscatboy,7
katieeperry,7
justaslave15,7
jibreelstar,7
itsCSB__,7
idrgafwhatever,7
iPowerRichmond,7
greggislocallfc,7
euroball_nft,7
doctimcook,7
deezy_BTC,7
daves_joint,7
darrenrovell,7
chetannarula,7
cappersfreeleak,7
beyzhive,7
arlucas10,7
VFshirts,7
TheHR263,7
StockCheckerUK,7
SkeyNetwork,7
RichVagner,7
R8M1,7
PrepBaseballMI,7
Ndamase_Siya,7
Merian_duke,7
Matthew__Moreno,7
ManuSmoker,7
LouisPisano,7
Jontae254,7
HolySmokas,7
Football_BM,7
CatherineNomat1,7
Cardiffchav92,7
Bwoy_Zackie,7
BuffaloBills,7
BigKdawg095,7
BigBobDC68,7
Berennice_H,7
BADASSPMF,7
AltcoinDailyio,7
AdeyemiSijuwade,7
ADelgersaikhan,7
ADW_OF,7
989Design,7
texan_maga,6
swlovezone,6
smarket,6
shavoawesome,6
seven19901205,6
rosie_pss,6
rosedailyupdate,6
realestosa,6
pakistanwalli,6
mr_gosworld,6
mpumelelopn,6
mignano,6
malayahnicolee,6
leeleejuice,6
jawniest,6
jasiljsk,6
chidambara09,6
astroboysoup,6
adewalekemi65,6
__Ayabulela,6
_ParadiseParis1,6
YoungMezziah,6
VivalaCoinBTC,6
Snapdragon_UK,6
PearlBKLA,6
OrdinalMiko,6
OgbajiIfeanyi,6
MonaPatelT,6
MiaTheBoss,6
MWTlali,6
LukaDonkicks,6
Is_Baibua,6
IS3Dl,6
HMujeili,6
FatOldAnarchist,6
Fan20Bama,6
DanielTetsuyama,6
Crypto__Berlin,6
Cityboyyyyyy,6
CWharlie4,6
6ix2813,6
xxmikecheckxx,5
urstarsana,5
realestoss,5
proactive_au,5
joearrigofsm,5
huggybearzz,5
fearntjihyo,5
faelpontopt,5
elizejackson,5
daraobriain,5
crdub35,5
clssource,5
boscofootball,5
_Hydonni,5
YayaRSA,5
Sporf,5
RetailTuesday,5
LoveIsBitcoin21,5
Koffy_9,5
Jason_P94,5
Hockeyguy13,5
FarmersGuide,5
CswapDEX,5
AfroEconomicus,5
AFC_Adi06,5
2ug2ug,5
zivafey,4
theyanosmag,4
olivechika444,4
mamaZoeCherotch,4
lukebielb,4
judy_babyy,4
ikuzoeth,4
ebabur_art,4
bongkersz,4
bigrellyro,4
WalkerAmerica,4
TvkeOfff,4
RonSwanson1984,4
Omulembe_,4
LH44updates,4
DripDropz_io,4
CrazyLadyTrader,4
Chadmoneymatter,4
Buster112590351,4
BrainHarrington,4
BradJamin3,4
AzharMahmood62,4
nafsicool,3
gggiants,3
TMReserve,3
SerRynard,3
MorfyusOfficial,3
ImagoStudiosVid,3
GQMagazine,3
Abiso_la,3
chap_man21,2
ArsenalReveal,2
