Author,Mentions
vincenzosellit5,21
mvukovcan,17
MWTlali,17
LukaDonkicks,17
JodelStoriesHQ,17
propjoesays,16
proactive_au,16
greggislocallfc,16
elizejackson,16
arlucas10,16
TheCoolHour,16
HMujeili,16
Fra_nk001,16
trusted_alphas,15
gayking390,15
darrenrovell,15
ImagoStudiosVid,15
IamUzenvic,15
Gurasis_vk973,15
BrainHarrington,15
ArtOnInternet,15
swlovezone,14
jpegagency,14
de_mubee,14
bballjkey,14
TrueSlazac,14
PlayfixLab,14
PRINT3Rxyz,14
MiaTheBoss,14
KimNicky,14
DvdndDiplomats,14
Crypto__Berlin,14
AOT2,14
yk2aii,13
xxmikecheckxx,13
vip88d,13
seven19901205,13
rwillis2916,13
realestoss,13
praisethesteph,13
philmandelbaum,13
petecopetaca,13
olivechika444,13
nafsicool,13
kinkyscatboy,13
chileno_vergon,13
boscofootball,13
acipanser,13
WilmaBenton19,13
TrackGazette,13
StockCheckerUK,13
RubberKai,13
RichVagner,13
RedactedRosalia,13
Povoas94Daniel,13
PSG_English,13
LUPASAN2,13
Fan20Bama,13
DodgersFdn,13
DaryleLSmith,13
Como_1907,13
ClassicRoy,13
CatherineNomat1,13
Bash3neA,13
AfroEconomicus,13
Abiso_la,13
ADW_OF,13
wixx_mangutha,12
urstarsana,12
tymahhhhh,12
theyanosmag,12
thebullcrypto12,12
texan_maga,12
smarket,12
skbytes,12
mistcop,12
illest365,12
heshski,12
VivalaCoinBTC,12
TristanUda,12
SixthManJake,12
Shirutaro_,12
ShiinaBR,12
RonSwanson1984,12
PrepBaseballMI,12
OllieGlanvill,12
NorfolkKnights,12
MirandaevaM,12
Matthew__Moreno,12
Louis_Beneventi,12
LiveLancs,12
FunkButcher,12
Football_BM,12
D3STAB1LIZED,12
ChaaliiyKay,12
Cardiffchav92,12
Bwoy_Zackie,12
Burgess7281975,12
BuffaloBills,12
BradJamin3,12
BigBobDC68,12
AMAZlNGNATURE,12
6ix2813,12
100Thieves,12
waiii____kibaki,11
ubos_yaman,11
tre11turner,11
stadio,11
shugarbreaddd_,11
scullather,11
san_x_m,11
runliftrunlift,11
realestosa,11
ohhjanjan,11
jfcarpio,11
jaf7,11
itsCSB__,11
garypalmerjr,11
faelpontopt,11
epictrades1,11
ebabur_art,11
dougiefischer,11
deepinsideherla,11
crypto,11
bigrellyro,11
bc_surreal,11
assilemamore,11
akili_smith,11
_pqpviiickk,11
_itskayboo,11
TheHR263,11
ThandoPeaches,11
SonicsONTap,11
PearlBKLA,11
Olivia_OF_,11
OSINTreporting,11
NickPedone12,11
Miss_magnolia20,11
LucasMoagi3,11
KirscheVerstahl,11
Jongseongg,11
JarlanPerez,11
Horlarprestige,11
GeniusyieldO,11
FlintPoliceOps,11
Dagreatdey4you,11
CrazyLadyTrader,11
BloombergRadio,11
BeavertonPolice,11
ArsenalReveal,11
Amazingdeals360,11
444holywitch,11
0xFiyopi,11
yo__Obama,10
underwearsex,10
theuserlovesu2,10
thebasilgray,10
sourabhsanyal,10
sdmts,10
psk2329,10
poupaep,10
pinksviral,10
peterkulafe,10
obiden_sux,10
nathanattrill,10
mpumelelopn,10
misstrixxfeet,10
michaelmiraflor,10
luchinkchinkx,10
justfred_ar,10
jhamel,10
jawniest,10
idrgafwhatever,10
iPowerRichmond,10
dealshundred,10
danny_jami,10
bargainhunter92,10
adewalekemi65,10
_Hydonni,10
Yaw__Stylish,10
WinksFootball,10
TwaRSA26,10
TuurDierckx,10
TheTrefoilMan,10
TheSocialStatus,10
TearOfSatoshi,10
Suns,10
STOCKACTIVATION,10
Rahuldubey5_,10
RYZEHoops,10
Patriot911News,10
OgbajiIfeanyi,10
NUFC_Index,10
M7mdDani,10
LoveIsBitcoin21,10
LittleMsToxica,10
LH44updates,10
JubbyHorse,10
JibreelDia,10
H7MILT0N,10
GOP_is_Gutless,10
Forever_Rayyan,10
European_DGI,10
DailySnkrsStock,10
CswapDEX,10
Cityboyyyyyy,10
CNBCTV18Live,10
Brickie36,10
AssjobHentai,10
Adrian_R_Morris,10
zivafey,9
twinkx_official,9
tokenomy,9
theone_xyz,9
sandanyi,9
salimouuh,9
sailorravioli,9
rosedailyupdate,9
pakistanwalli,9
osowxvyy,9
mob_xx,9
marksmcneill,9
madehoops,9
kushanmitra,9
justaslave15,9
jbulltard1,9
investinStockz,9
hjwakerley,9
geordiedentist,9
freshbylullo,9
ffff2721,9
dr_nickiw,9
dolly_queen123,9
deezy_BTC,9
daraobriain,9
chetannarula,9
camwilderr,9
abmunene,9
__Unknown_D_,9
WebkidAfrika,9
Waleed_Nohur,9
The_Clios,9
TheRealMikaHAM,9
TheDilichi,9
TartanArmyGroup,9
Tarfism,9
StrategyOnline,9
StockChartPros,9
Sportico,9
SSBBWAmber420,9
PpunnchOfficial,9
Ndamase_Siya,9
NEMS_FYL,9
MonaPatelT,9
MarkConnollyCBC,9
LaMaisonGaga_,9
JimmyC1366,9
Is_Baibua,9
HolySmokas,9
HeavensFX,9
HardonMontreal,9
GamblinGauchos,9
GQMagazine,9
FarmersGuide,9
DripDropz_io,9
DigitalLeadTim,9
DavisJrTHEGREAT,9
CodedWiz,9
CWharlie4,9
Buster112590351,9
BigKdawg095,9
BSNSPORTS,9
AD_TheArtist,9
2ug2ug,9
westcoastpreps_,8
timbhealey,8
thetripathi58,8
sthedoingthings,8
shavoawesome,8
royal_suitor,8
passjog93,8
owusuansahjere2,8
malayahnicolee,8
kaylaparrilla,8
jibreelstar,8
itsheydali,8
itsVasant,8
ikuzoeth,8
golfarph,8
ghostmn01,8
doctimcook,8
cryptocandy24x,8
crdub35,8
clssource,8
ceolawyer,8
beyzhive,8
astroboysoup,8
amid_temitayo,8
alaskababe420,8
YayaRSA,8
WishATL,8
WalkerAmerica,8
TvkeOfff,8
TommyNoMates,8
Tlou_regi,8
Taidagreat92,8
SynergySST,8
Snapdragon_UK,8
SkeyNetwork,8
ScottHoward78,8
Salmander0,8
Rotichk,8
Real_KingSfiso,8
RasmusHojlund02,8
RAINBOWSHOPPH,8
ProductiveOuts,8
ProTwoolz,8
Pengting_99,8
Okoliemeka7,8
MissEllMae,8
ManuSmoker,8
MachiMughogho,8
MMAPropagande,8
MARYRLOU,8
LexiLexiFBSM,8
LamineBall_,8
Jace_mcfc,8
JKDubai1,8
IS3Dl,8
HuguesZango_TS,8
GolfOnline,8
GemsPump100x,8
GDNonline,8
ElesitaDuran,8
EM_Creates,8
ChrissieJide3,8
BoneKnightmare,8
BarristaPH,8
AltcoinDailyio,8
989Design,8
50YearsAgoLive,8
222essia,8
zach_barnett,7
trainersniffer3,7
theivyaspen,7
ramahuro,7
pb3060,7
nocontextfooty,7
muniphoca,7
mr_gosworld,7
marksnotnice,7
mamaZoeCherotch,7
magajcs,7
lukebielb,7
katieeperry,7
joearrigofsm,7
jasiljsk,7
itsstillkieran,7
heyjerey_nft,7
gggiants,7
fiifibansonjnr,7
fearntjihyo,7
euroball_nft,7
daves_joint,7
christo45899459,7
chitchatstocks,7
cappersfreeleak,7
XRPLion1,7
WomeninMarketin,7
WTAJnews,7
TopSneakers_,7
TheKiddTy1,7
Sun_Flower119,7
SomeEvertonFan,7
Prosper_selorm,7
PaulDuddridge,7
Ndi_Sandra,7
Musaigwa__,7
Jontae254,7
JICHOdaDOG,7
Hockeyguy13,7
HashtagRaymondW,7
HardGuyOfficial,7
GeneInvesting,7
FentyHeadlines,7
Dumblyz,7
DuaneRankin,7
Cmusclexxx,7
BenMaluleke300,7
99reference,7
youwearfr,6
tess_szn,6
tcboyle,6
sportsfeedia,6
sescoops,6
saltyreigns,6
rosie_pss,6
rOteger69,6
ogechib_,6
ninitears,6
mignano,6
mbdailyshow,6
loyalmafia_,6
leeleejuice,6
judy_babyy,6
johndoee_pa,6
jcmarbury,6
illumanbeing,6
huba0318,6
gracefullyIoved,6
favourcantmiss,6
edging_TOP,6
coreypitts11,6
chap_man21,6
abbkar_ai,6
__lekan,6
YakubOlaitan2,6
Tottenham_Feed,6
TheDegenBoii,6
StanleyMasinde_,6
Son_ImSleep,6
SirZave,6
ShreyaPattar,6
SerRynard,6
SchonMagazine,6
RoadtripC,6
OrdinalMiko,6
Mrfizzy_10,6
MorfyusOfficial,6
MikeThaInvestor,6
MarkHumes_Art,6
LouisPisano,6
JjReigns7,6
Jellycubes_nft,6
Jason_P94,6
FatOldAnarchist,6
EthereumClubETH,6
Cryptofly777,6
Carrie_Kelly17,6
BlacVolta,6
Bheki_Nyathi,6
Berennice_H,6
BADASSPMF,6
AllureKendra,6
AllFutbolMX,6
AdidasWrestling,6
kimmarcella78,5
anael__mevoung,5
_ParadiseParis1,5
_IMBOWVYBD,5
VFshirts,5
Sporf,5
RIFLA,5
R8M1,5
Omulembe_,5
MrTopStep,5
Mikae_NSFW,5
LIDomTop,5
L2Degens,5
Koffy_9,5
Joanbondia1,5
HaroldWNelson,5
HSCircuit,5
FrontRowGrunt,5
DfwSho,5
DanielTetsuyama,5
AzharMahmood62,5
AdeyemiSijuwade,5
ARVLoshan,5
AFC_Adi06,5
ADelgersaikhan,5
macandcube,4
jff_football,4
huggybearzz,4
html5css3_dv,4
headmaster254,4
chidambara09,4
bongkersz,4
YoungMezziah,4
TrevyLord,4
TheVillaHome,4
TMReserve,4
RetailTuesday,4
OhDangitEvie,4
Merian_duke,4
Chadmoneymatter,4
3PeaksTrading,4
guyskickmynuts,3
babyjanee__,3
__Ayabulela,3
Vanji_Lip777,3
Urbandragonfly,3
TheKitchenPB,3
KingCalsium,3
GENlUSJN,3
CardanoChefPool,3
sporadefcb,2
SEOforlondon,2
PSOSLanarkshire,2
empireenjoyer10,1
