Product,Mentions
ad,9443
Dunk,1505
Air Max,1330
Sneaker,1316
sneaker,1148
Dunk Low,1050
stock,1036
top,952
shoe,938
pig,896
Nike Dunk,812
Sneakers,798
sneakers,791
SB,735
Zoom,686
Nike Dunk Low,651
Sale,637
shoes,609
kit,588
Air Jordan,553
Samba,518
football,469
Vomero 5,455
Original,441
Air Force,441
Zoom Vomero 5,427
Nike Zoom,420
Air Force 1,413
Nike SB,406
Air Max 1,399
collab,392
MnikeRemix,392
Mnike,392
#MnikeRemix,392
socks,364
ASICS,343
Jam,329
shirt,322
SB Dunk,315
NFT,315
Shoes,308
Onchain Summer,308
jersey,273
kicks,245
Gazelle,238
tee,224
Swoosh Series,224
SB Dunk Low,217
Campus,210
Air Max Plus,210
boot,203
jacket,189
Air Force 1 Low,189
AIR,189
boots,175
Ros√©,175
DUNK,175
Air Jordan 1 Low,175
home kit,168
Air Max DN,168
polo,161
crypto,161
LeBron 21,154
Kicks,154
Handball Spezial,154
Clothing,154
Campus 00,147
shares,140
bag,140
Foam,140
revenue,133
Samba OG,133
Crypto,133
slide,126
Samba Og,126
NIKE SB,126
Collection,119
Adidas Gazelle,119
kits,112
Ja 1,112
Air Zoom,112
Air VaporMax Plus,112
white sneakers,105
rewards,105
puffer jacket,105
long puffer jacket,105
Dunks,105
Air Max 90,105
11pro,105
white polo neck,98
trainers,98
tight,98
tackle,98
polo neck,98
jerseys,98
cleat,98
shirts,91
commercial,91
cleats,91
TKpro.,91
TKpro,91
Gel-Kayano 14,91
Gel-1130,91
underwear,84
pants,84
black tight,84
Instagram,84
shorts,77
Slides,77
Gazelle Indoor,77
Campus 00s,77
24/25 Manchester United home kit,77
stocks,70
memecoin,70
gift cards,70
apparel,70
adidas 11pro,70
GEL-1130,70
Elite 100,70
Dunk Low Premium,70
Cosmic,70
Air Jordan 1 Mid,70
AF1,70
uniforms,63
marketplace,63
hoodie,63
footwear,63
The Swoosh Series,63
Dunk Low Retro,63
Crocs,63
Air Force 1 Low '07,63
Air Foamposite One,63
3-Stripes,63
vans,56
tracksuit,56
jock,56
jeans,56
Samba sneakers,56
Sabrina 2,56
Pants,56
F50,56
Campus 00S,56
Cali,56
Air Max 95,56
ASICS GEL-1130,56
AE 1,56
template,49
signature shoe,49
loyalty points,49
away kit,49
Zoom Spiridon,49
Web3 loyalty solution,49
Trainers,49
Stan Smith,49
Shox,49
Reverse Scratch,49
Predator,49
Nike Pro,49
Liquidity,49
KD 17,49
GT-2160,49
Field General,49
Dunk Low Next Nature,49
Classic Leather,49
Air Max Plus Drift,49
Air Max Dn,49
Air Jordan 1 High,49
Air Force 1 ‚Äò07,49
speedo,42
slides,42
meme coin,42
Zoom Vomero 5 'Pearl White',42
Zoom Vomero 5 'Cosmic Clay',42
Zoom Vomero 5 'Black/Picante Red',42
Women's Air VaporMax Plus 'Bicoastal',42
Sunglasses,42
Sb Dunk,42
Reebok Classic,42
Pros,42
Nike Sb Dunk,42
Dunk Low LX,42
Cortez,42
Boots,42
Blazer,42
Air VaporMax Plus 'Bicoastal',42
Air More Uptempo,42
Air Max 1 SC,42
Air Jordan 2 Low 'Origins',42
Air Jordan 2 Low,42
Adapt,42
white socks,35
t-shirt,35
mule,35
cardano,35
boxers,35
adidas Gazelle,35
Zoom Vomero 5 'Volt',35
World News,35
Vial,35
ULTRABOOST 1.0 SHOES,35
Toni Kroos Pro,35
Shares,35
SB Dunk Low Pro,35
Originals Handball Spezial,35
Originals Campus 00s,35
Nike mule,35
Nike Tech,35
LeBron 21 'James Gang',35
LeBron 21 'Cool Grey',35
Jeans,35
Future,35
Dunk low,35
Dunk Low 'Dragon Red',35
Airmax,35
Airforce 1,35
Air Zoom Spiridon Cage 2,35
Air Penny 2,35
Air Max SNDR,35
Air Max 1 '86,35
Air Jordan 4,35
Air Jordan 2/3,35
Air Jordan 1 Mid 'Green Glow',35
Air Jordan 1 Low 'Midnight Navy/Wolf Grey',35
AMBUSH,35
AIR JORDAN,35
slippers,28
podcast,28
miles,28
football boots,28
dunks,28
briefs,28
Zoom Vomero 5 'Racer Blue/Metallic Silver',28
Yeezy 700,28
Women's Air Max DN 'Half Blue',28
Women's Air Jordan 1 Low 'Anthracite/Industrial Blue',28
Victori,28
Vial/Dunk combo,28
Samba OG W,28
SKECHERS,28
React Infinity Trainer,28
Peak Men's Nike MLB Cuffed Pom Beanie,28
Olympic Trials,28
Nike kicks,28
Nike Reloaded,28
Nike React Infinity Trainer,28
NIKE AMBUSH,28
MLB Cuffed Pom Beanie,28
Lingocoins,28
LeBron NXXT Gen AMPD,28
Jordan 1 Mid SE,28
Ja 1 'Bright Mandarin/Vapor Green',28
Gel-NYC,28
Fleece Pants,28
Dunk Low LX 'Black Croc',28
Dunk Low 'Aster Pink',28
Dada 01 Sunglasses,28
Cuff Beanie,28
Classic Leather Sneakers,28
Chuck 70,28
Broomfield,28
Book 1,28
Air VaporMax 2023 Flyknit,28
Air Max Sunder,28
Air Max DN 'Half Blue',28
Air Max DN 'Black/White',28
Air Max 270,28
Air Max 1 SE 'Athletic Department',28
Air Max 1 'Black/University Red',28
Air Jordan 1 Low 'Anthracite/Industrial Blue',28
Air Force 1 'Little Accra' sneaker,28
Air Force 1 'Little Accra',28
Air Force 1 '07,28
Air Foamposite One 'Dark Neon Royal',28
Adidas bag,28
training gear,21
track jacket,21
sunglasses,21
spikes,21
sox,21
shin guard,21
puma adidas kith,21
mules,21
home shirt,21
gym socks,21
football cleats,21
campus,21
bras,21
bottoms,21
adidas Toni Kroos Pro,21
ZoomX Turbo,21
Zoom Vomero 5 'University Gold',21
Zoom Vomero 5 'USA',21
Zoom Vomero 5 'Racer Blue',21
Zoom Vomero 5 'Metallic Pewter/Metallic Gold',21
Zoom Vomero 5 'Light Silver',21
Zig Dynamica,21
Yeezy 700 MNVN,21
YEEZY BOOST 350 V2,21
Women's Dunk Low 'Dusty Cactus',21
Women's Air Max DN 'Pink Foam',21
Women's Air Jordan 1 Low 'Neutral Grey',21
Women's Air Jordan 1 Low 'Jade Smoke',21
Vortex,21
"Venture Runner ""Midnight Navy""",21
Total 90 III,21
Tennis catalog,21
Shorts,21
Sharkidon,21
SB Dunk High,21
SAMBA OG,21
SAMBA,21
RTFKT x NIKE DUNK,21
REACT,21
Products,21
Pacific Moss,21
Nike techs,21
Nike ZoomX Turbo,21
Nike LeBron 21 PE,21
Nike Craft,21
NIKE MULES,21
MURAKAMI,21
MULES,21
Leggings,21
LeBron 21 PE,21
Kobe 5 Protro,21
Killshot 2,21
KD4's,21
KD17,21
Jordan 1 Low 'Neutral Grey',21
"Ja 1 ""USA""",21
Invincible,21
HumanPlus,21
Hot Step 2,21
Hoodie,21
High Cut,21
"Handball Spezial Green, Core White & Gum",21
Field Purple,21
F50 gold cleats,21
Dunk VOID,21
Dunk Low Premium 'Urban Landscape 2.0',21
Dunk Low 'Light Armory Blue',21
Dunk Low 'Gorge Green/Team Red',21
Dunk Low 'Dusty Cactus',21
Dunk Low 'City Attack',21
Dunk Low 'Baroque Brown',21
DUNK MODS,21
Cybertruck,21
Crazy II,21
Crazy 1 Shoes,21
Converse shoe,21
Christmas,21
Brodie Lee Reebok collab,21
Brazil 1998 kit,21
Blueprint Mercurial,21
BB4000 II,21
Ambush x No Brainer x Nike SB Dunk Low,21
Alphafly 3,21
All-star converse,21
All-star,21
All-American,21
AirForce 1s,21
Air VaporMax Plus 'Black/Volt',21
Air VaporMax 2023 Flyknit 'Pink Blast',21
Air Max DN 'Particle Grey',21
Air Max 95 Baltic Blue,21
Air Max 90 Premium,21
Air Max 1 SC 'Noise Aqua',21
Air Max 1 Premium 'Hot Sauce',21
"Air Max 1 '87 ""Baroque Brown""",21
Air Jordan Legacy 312 Low,21
Air Jordan 2/3 'White/Black',21
Air Jordan 1 Zoom CMFT 2,21
Air Jordan 1 Mid SE 'Oxidized Green',21
Air Huarache Runner,21
Adidas All-American,21
Adeleke,21
Adapt App,21
237,21
11pro boots,21
white Crocs,14
wearable DePIN product,14
vials,14
tracksuits,14
thermo,14
sweatpants,14
sports bra,14
speedcat shoes,14
sneaks,14
recovery/warm-up boot,14
men's Adidas shoes,14
meme coins,14
joggers,14
jock strap,14
insert card,14
home jersey,14
gutties,14
gas prices,14
flipflops,14
donut,14
chappals,14
bread,14
black leggings,14
black boots,14
adidas Crazy 1 Shoes,14
accessories,14
Zoom Vomero 5 'Vapor Green',14
Zoom Vomero 5 'Neutral Olive',14
Zoom LeBron NXXT Gen AMPD Black University Red Gold,14
Zoom CMFT 2 'Dark Powder Blue',14
Yeezy V3,14
Yeezy QNTM,14
Yeezy 450,14
YZY 700 MNVN,14
Wu-Tang Dunks,14
Women's Zoom Vomero 5 'Thunder Blue',14
Women's Dunk Low 'Rose Whisper',14
Women's Air Jordan 1 Low SE 'Wave',14
Women's Air Jordan 1 Low 'Black/Gym Red/Sail',14
Wmns Gazelle Bold Green,14
WRC Puma,14
W V2K RUN,14
Vomero 5 'Volt Black/Platinum',14
Vomero 16,14
Vintage WIP Double Knee Pants,14
Vapor F.U.S.E.' template,14
Vapor F.U.S.E.,14
Undefeated 4s,14
UPMA,14
ULTRA 5 CARBON,14
Track Top,14
Tottenham away shirt,14
Toni Kroos Pro boots,14
Therma-FIT Fleece Pants,14
Tennis catalogue,14
Team India Fan Jersey,14
TNs,14
Swarovski x Nike Air Max Plus,14
Stan Smith Lux,14
Speedcat,14
Speed Cat sneakers,14
Soles,14
Slides double belt,14
Skechers Game,14
Sambas,14
Samba Xlg,14
Samba Og Made In Italy,14
Samba OG White,14
Samba OG Notitle Cow print,14
Samba OG Notitle,14
"Samba OG ""Made In Italy""",14
Samba Lt,14
Samba LT,14
STRIDE,14
SS25 DEBUT COLLECTION,14
SBs,14
SB Dunks,14
SB Dunk Low Premium Philadelphia Phillies,14
"SB Dunk ""Chlorophyll""",14
"SB DUNK LOW PRO PREMIUM ""FREDDY KREUGER""",14
S Green,14
Run Star Trainer,14
Run Star Hike Platform Cherries Women's Sneakers,14
Rotterdam '00,14
Retroverse collection,14
React Infinity Trainers,14
RPGs,14
RCT30,14
Puma Kings,14
Predator Precision,14
Predator Laceless,14
Predator Hybrid Touch 2.0,14
Pegasus Trail,14
PROFILES,14
P-6000,14
ORIGINAL SKECHERS,14
OG Dunk 2.0,14
Nike pros,14
Nike gym shoes,14
Nike SB Dunk Low Customized,14
Nike Dunk lows,14
Nike City Connect uniforms,14
"Nike Attack ""Lemon Venom""",14
NIKE W V2K RUN,14
NIKE AIRFORCE,14
NIKE AIR QUALITY,14
NICOLE HAUSE X NIKE SB DUNK LOW,14
NEUCLASSICS PANTS,14
Metcon 9,14
Mercurials,14
Mens Nike Sneakers,14
Madden,14
MURAKAMI DNA,14
MSCHF x Nike Sb Dunk Low ‚ÄòHalloween‚Äô,14
MILER,14
MB.03,14
Lowrider,14
Lebron Nxxt Gen,14
LeBron 21s,14
LeBron 21 'Algae',14
Lance Berkman insert card,14
LaFranc√© lifestyle sneaker,14
LaFranc√©,14
"LTD Premier Road Ultra in ""Soft Pink""",14
LINGO token,14
LEBRON XXI GYM RED,14
Kobe 9 Elite Black Mamba Collection,14
Kobe 7,14
Kendl tee shirts,14
KD 17 'Sunrise',14
KD 17 'Penny',14
June Flash Sale,14
"Jordan Stadium 90 ""Bred""",14
Jordan 1 Retro High OG Gym Red,14
Jordan 1 Low White/Metallic Gold,14
"Jordan 1 Low ""Yellow Ochre""",14
Jackets,14
Ja 1 ‚ÄúReverse Scratch‚Äù,14
Ja 1 Reverse Scratch,14
Ja 1 'Reverse Scratch',14
Itz,14
IFV,14
Home Kit,14
Home 24/25,14
HighCut,14
High Cuts,14
Headband,14
Harden Vol. 8,14
Handball Spezial Aluminum Core Black,14
Golden Goal,14
Germany's retro gear,14
Gel-NYC Cream Mineral,14
GORE-TEX jacket,14
Futura x Nike SB's,14
Futura Laboratories x Nike SB Dunk Low,14
France 2006 Tracktop,14
Fastball,14
Fan Jersey,14
Fade to Black,14
England Nike Anthem Jacket,14
Elsa Peretti Bone Ring,14
Easy Rider,14
Early Psychosis project,14
Dunk Low Premium 'University Gold',14
Dunk Low Premium 'Light British Tan',14
Dunk Low LX 'Dark Team Red',14
Dunk Low 'Waffle',14
Dunk Low 'Reverse Curry',14
Dunk Low 'Limestone/Pacific Moss',14
Dunk Low 'Knicks',14
Dunk Low 'Dusty Cactus/Thunder Blue',14
Dunk Low 'Concord',14
"Dunk Low ""Grey Fog""",14
"Dunk ""Panda""",14
Dime + Adidas Skateboarding GORE-TEX jacket,14
Desert Boot,14
DEMON,14
Crew Socks,14
Crazy IIInfinity,14
"Court Vision Low ""Black Blue""",14
Court Legacy Lift,14
Court Borough Low Recraft,14
Copa Am√©rica,14
Converse shoes,14
Converse HighCut,14
City Connect uniforms,14
Campus 00S Core Black & White,14
Campus 'Bad Bunny',14
Calm Mule,14
Caitlin Clark signature shoe,14
Burger,14
Bronzine,14
Brodie Lee Reebok collaboration,14
Bone Ring,14
Boatshoe,14
Blokecore,14
Blitz Evergreen Legacy Primary Tri-Blend T-Shirt,14
Black Deck Of Cards Leather Jacket,14
Benassi Slides,14
Basketball Shoes,14
BB4000 II + Classic Leather,14
BALLS,14
Athletic Gym Leggings,14
Astro Grabbers Shoes,14
Anthem Jacket,14
Air Zoom Spiridon Cage 2 Metallic Silver,14
Air Vapormax Plus,14
Air VaporMax Plus 'Wolf Grey',14
Air Speed Turf,14
Air Price,14
"Air Penny 2 x St√ºssy ""Vivid Green/Black""",14
Air Penny 2 Stussy,14
"Air Max SNDR ""Canyon Gold""",14
Air Max Portal,14
Air Max Plus Wolf Grey Black,14
"Air Max Plus 3 ""Leather Black""",14
Air Max Plus 3,14
Air Max DT,14
Air Max DN 'Volt',14
Air Max DN 'Racer Blue',14
"Air Max DN ""Olive Flak""",14
Air Max CB 94 'Old Royal',14
Air Max Alpha Trainer 6,14
Air Max 97,14
Air Max 90 UV,14
Air Max 1 'University Blue',14
Air Max 1 '86 OG 'Camo/Light Lemon Twist',14
"Air Max 1 ""White Black Neutral Grey""",14
"Air Max 1 ""Notebook Scribbles""",14
"Air Max 1 ""Field Purple""",14
Air Jordans,14
Air Jordan 2/3 'Varsity Red',14
Air Jordan 1 Low 'Black/Gym Red/Sail',14
Air Jordan 1 High 85 'Metallic Burgundy',14
Air Force 1s,14
"Air Force 1 Low '07 ""White Aquarius Blue""",14
"Air Force 1 Low ""White University Red""",14
Air 180,14
Academy Fastball,14
ATHENA Sunglasses,14
AS-332 Super Puma,14
AMERICAN SABOTAGE,14
AIR QUALITY,14
AF1s,14
AE1,14
ADIDAS SLIDES,14
ACG Rufus Triple Black,14
A'ja Wilson's signature shoe,14
A'One,14
574,14
1990 Sweat Top,14
1897 Collection,14
white tees,7
white shoes with a Nike logo,7
white & blue Nike Lowdunk trainers,7
wear DePIN product,7
vintage style,7
vapor carbon fly cleats,7
ultra boost,7
turbocharged EcoBoost engine,7
training wear,7
training shoes,7
training kits,7
trackpants,7
track top,7
toothpaste,7
thermoelectric vest,7
textile waste,7
tennis shoes,7
tennis dresses,7
teleprompter,7
t-shirts,7
suitcase,7
suede XL's,7
string bikini,7
steroid,7
sneakersocks,7
slip ons,7
self-propelled Puma,7
school uniform,7
school bag,7
sb dunk low,7
sandals,7
retro Brazil '98 kit,7
red lace-up,7
pro star,7
pride shoes,7
png,7
platform Chucks,7
pj sets,7
pant suits,7
on-ice jersey,7
nylon Nike jacket,7
microfibre briefs,7
match shirt,7
match kits,7
low cut,7
leather gloves,7
kit designs,7
jpeg,7
jersey kits,7
hockey jersey,7
havaianas,7
grey socks,7
golf shirt,7
goalkeeper kit,7
football uniforms,7
fleece pants,7
fibre-to-fibre recycling,7
fashion line,7
fashion brand,7
elitesocks,7
eCitan Mixto,7
donkey milk soaps,7
digital sneakers,7
customized shoe,7
custom Nike Air Force 1 design,7
crew socks,7
club shirts,7
carbon fiber super shoe,7
blazers,7
black zip up Adidas top,7
black tracksuit,7
black tank top,7
black sweatpants,7
black rucksack,7
black Nike ankle socks,7
black Adidas top,7
belly laughs,7
bear shaped Adidas slippers,7
basketball sneakers,7
bandana,7
baby blue Nike hoodie,7
airmax 1,7
air Jordan,7
adidas x Bad Bunny,7
"adidas Yeezy Boost 380 ""Alien Blue""",7
"adidas Originals Samba OG ""Core Black Matte Silver""",7
"adidas Gazelle Indoor ""Olympics"" Pack",7
Zoom structure 7,7
Zoom Vomeros,7
Zoom Vomero 5 Racer Blue,7
Zoom Vomero 5 Gold,7
Zoom Vomero 5 'Platinum Violet',7
Zoom Vomero 5 'Jade Horizon',7
"Zoom Vomero 5 ""Black Picante Red""",7
Zoom Vapor's,7
Zoom Vapor,7
Zoom Steakfly,7
Zoom LeBron NXXT Gen Amped,7
Zoom Freak 2,7
Zig Kinectica 2.5 Edge,7
ZX Boost,7
Z.N.E. WOVEN FULL-ZIP HOODED TRACK TOP,7
Yeezy styles,7
"Yeezy Slide ""Salt""",7
"Yeezy Foam RNNR ""Onyx""",7
Yeezy Desert Boot Salt,7
Yeezy Boost 700,7
Yeezy Boost 350 V2 Slate,7
Yeezy 700 MNVN Laceless Analog,7
Yeezy 500 Bone White,7
Yeezy 350 Boost V2,7
Yankee Socks,7
YZY 700 V3,7
YEEZY 450,7
Y-3 Frech Terry Cuffed Pants,7
Wu-Tang Clan Dunk Highs,7
Woodside II,7
Women's Air Jordan 38 'Center Star',7
Women's Air Jordan 1 Low 'Particle Beige',7
Women's 200m,7
Wmns Samba OG White,7
"Witness 8 ""Cool Grey""",7
Without Limits,7
Winter Spine shoes,7
White Uniforms,7
White Thunder 4s,7
White Highlights,7
Walking Hiking Shoes Terrex Swift R3,7
Waffle iron,7
WMNS Dunk Low SE ‚ÄúJust Do It‚Äù,7
"WMNS Air Jordan 4 ""Vivid Sulfur""",7
Vintage ranges,7
Victori Slides,7
Vest,7
"Vapormax Plus ""Game Royal""",7
VISION Projext610,7
VIP experiences,7
VICTORI ONE SLIDES,7
VANS KNU SKOOL ‚ÄúMEGA CHECK‚Äù,7
V2K Run,7
Unyielding Sisters,7
Union LA Field Generals,7
Unaffectd X K14 Gel-Kayano,7
Ultraboost,7
Ultimate Guide to Street Football,7
Ultimate Ease Walking Shoe,7
ULTRA 5 ULTIMATE boots,7
ULTRA 5 CARBON Formula Pack,7
ULTRA 5 Boots,7
ULTIMATE365 TOUR PLEATED DRESS,7
UA Miami Regional MVP,7
Triax Swift ADX Digital Analog Watch Silver Black,7
Trekker,7
Trefoil's,7
Travis Scott 1,7
Tracksuit,7
Trackpants,7
Tottenham's away shirt,7
Top Quality,7
"Tooboe ""Itaino Itaino Tondeike"" music video",7
Tokens,7
Tiempo cleats,7
Third Shirt 2022-23,7
The First Track Top,7
The Cat In The Hat Rivalry Low,7
The 50,7
Terminator Low NY vs. NY,7
Terminator High,7
Teijas,7
Tech suit,7
Tech Fleece sets,7
Tech Fleece Full-Zip Hoodie,7
"Tanjun ""Black White""",7
Tango Spain '82,7
Tailored Tech Shorts,7
TN Air Max Plus ‚ÄúDrift Grey Sunset‚Äù,7
"TN Air Max Plus Utility ""Obsidian Black""",7
"TN Air Max Plus Drift ""All Day""",7
"TN Air Max Plus ""Drift Grey Sunset""",7
"TN Air Max Plus ""Dark Obsidian""",7
TC 7900 in Pale Ivory & Armory Navy,7
TC 7900 Pale Ivory Armory Navy,7
T7 Track Jacket,7
T-Shirt Dress DEAUVILLE,7
Swoosh Headband,7
Superstar by Love Song,7
Superstar 92,7
Super Puma helicopter,7
Sun Visors,7
Suede Trippy,7
Striker Wheels,7
"Stewie 3 ""City of Love""",7
StarWars socks,7
Stan Smith Star Wars Nanzuka Stormtrooper,7
St George‚Äôs Cross kit,7
Sportswear Tech Fleece,7
Spain 2006 Away,7
Solutions,7
Solution PE,7
Solo Swoosh Fleece Sweatshirt,7
SoleSavy Podcast,7
Snow Day Commercial,7
Slipstream Lth Green,7
Slate Grey Slides,7
Sketchers Mens Slip On Shoes,7
Siempre Dunks,7
"Shox TL WMNS ""Volt/Fire Red""",7
Shox R4 Multi,7
"Shox R4 ""Black""",7
Shadowturf Honeycomb,7
Scoot Zeros Pred,7
Sb Dunk Low 'Halloween',7
Sambae Leopard,7
Samba White/Black,7
Samba Og for Women,7
Samba Og W (carbon / Chalk White),7
Samba Og Made In Italy Black,7
Samba Og (preloved Yellow / Green / Gum 5),7
Samba OG in Linen Green Metallic,7
Samba OG Silver Dawn Aurora Black,7
Samba OG 'Cloud/Pink/ Wonder',7
"Samba OG ""Mesa""",7
Samba Nylon Wales Bonner Desert White,7
Samba Mn,7
Samba Messi Miami,7
Samba LT Semi Blue Burst,7
Sakuraüå∏Bloom,7
Sabrina 2 'Tunnel Vision' sneaker,7
"Sabrina 2 ""Court Vision""",7
Sabrina 1,7
SUEDE XL √ó CARROTS,7
"SPOT x Nike SB Dunk High ""Gasparilla""",7
SL76,7
SL 72 OG Maroon,7
SHADOWTURF sneakers,7
SFB B1,7
SB ‚ÄúBlue Moon‚Äù Dunk Low Samples,7
SB x Jordan 4 'Varsity Red',7
SB sneaker,7
"SB Vertebrae ""Summit White/Platinum Tint""",7
SB Dunk ‚ÄúMedium Olive‚Äù,7
SB Dunk low ‚Äú University Red Gum‚Äù,7
SB Dunk Low x Kim Possible,7
SB Dunk Low StrangeLove Skateboards,7
SB Dunk Low Pro White/Gum,7
"SB Dunk Low Pro ""White/University Blue""",7
"SB Dunk Low Pro ""Classic Green""",7
SB Dunk Low Medicom,7
SB Dunk Low Hyper Royal Malachite,7
SB Dunk Low Crawfish Sneaker,7
SB Dunk Low - Velcro Tongue,7
SB + AJ4's,7
SAMEBOG WONDER WIGHT SOPINK,7
SAMBA OG WINDER WHITE PINK,7
SABRINA 1,7
Run Star Trainer Summer,7
RotherhamUnited home kit,7
Roshe Runs,7
Ronaldo Brazil 1998 Reissue Men's Nike Soccer Replica Jersey,7
Rocket Racing x Adidas Wheels,7
Rivals Five-Star Camp,7
Ripstop Pullover,7
Rheinmetall TSWA,7
Retro Shirt,7
Retro Jersey,7
Retro Jackets,7
Reebok socks,7
Red Nike Air Force Ones,7
Recovery devices,7
Recharge Stainless Steel Chug Bottle,7
React Size 38,7
Ranger Black Edition,7
RTFKT x Nike AF1 Murakami,7
RTFKT dunks,7
"RS-X ""Black Panther""",7
RCT40 uncrewed turret,7
Quest Dashboard,7
Purple Leather Sneakers,7
Pure Geo Shirt,7
Puma Titanium 1.0 Ecoboost,7
Puma ST,7
Puma APCs,7
Puma 180 Skate,7
Puma & Ralph Sampson,7
Pulsar Wedge Wns Sandal,7
Pro Bra Fierce,7
Premium Nike Craft,7
Preds,7
Predator Hybrid Touch 2.0!,7
Pigeon Dunks,7
"Pegasus Trail 4 ""Black/Dark Grey""",7
"Pegasus 41 ""Black/Anthracite""",7
Palace Forever Hood,7
"PENNY HARDAWAY NIKE AIR FOAMPOSITE ONE ""LIGHT OREWOOD BROWN""",7
P 110 Snapback Cap,7
Ozmillen sneakers,7
Outdoor Nationals girls 200m,7
Out N About III Classic Waterproof Boot,7
"Originals Superstar 82 ""Cloud White""",7
Originals Campus 00s Light Blue GS,7
Orbita Sky Bet EFL Ball,7
Open Back Tank,7
"Omni Multi-Court ""Midnight Navy/Saturn Gold""",7
Olympic gymnastics team,7
ORBITA ball,7
OG 17s,7
Nocta x Nike Air Force 1,7
Nocta X M Nrg Run Short Grde Multi,7
Nocta Glide,7
No batchers,7
Nike plushie,7
Nike options,7
Nike jerseys,7
Nike crocs,7
Nike cap,7
Nike air force 1 low ambush phantom,7
Nike Zoom Vomero 5 'Racer Blue/Metallic Silver',7
Nike Tabi,7
Nike SBs,7
Nike SB Dunk Low Pro J-Pack Chicago,7
Nike SB DUNK ‚Äúmulti-camo‚Äù,7
Nike Run app,7
Nike Mules,7
Nike Mercurial Vapor,7
Nike Ikoi Split Toe,7
Nike Dunk Low Black Total Orange Mini Swoosh,7
Nike Air Max Dn Black/Dark Smoke Grey,7
Nike Air Max Dawn Shoes,7
"Nike Air Max 1 '86 ""Royal Blue""",7
Nike Af1 Low X Utopia Sneakers,7
Nicola Adidas Catsuit,7
New Balance 530,7
NOCTA x Nike Air Force 1 CLB,7
NOCTA X NIKE HOTSTEP II SERIES,7
"NMD_R1 ""Cloud White/Gum""",7
NITRO running shoes,7
NIKEAIRPENNY2,7
NIKE TRACKSUIT,7
NIKE SB SNEAKER,7
NIKE SB PANDA BLACK & WHITE,7
NIKE DUNK X STUSSY,7
NIKE AIRFORCE 1,7
NIKE AIR JORDAN STADIUM 90,7
NHL Authentic Pro Uniform,7
Motorsport Premium,7
Montreal 76,7
Mini Gym Bag,7
Mid-Cut Crew Socks,7
Metcon Free 6,7
Metcon 9 shoes,7
Metcon 5 workout shoes,7
Metal Badge Lightweight Baseball Hat,7
Mercurial Superfly,7
Mercurial Dreamspeed 7,7
Maxfly 2,7
Marathon TR Exclusive,7
"Mahomes 2 ""Race Against Time""",7
Mac Attack Wimbledon,7
MX Cinder Foam Runner,7
MECURIAL SUPERLFLY 9 ELITE FG,7
MC80,7
MC Z-Traxion,7
"MB.03 Low ""Team Bank""",7
M-Sport Puma,7
Low and High Dunks,7
Leica Mini 3,7
Lebron Nxxt Gen Shoes,7
"Lebron 11 ""What The""",7
"LeBron XXI ""World is Your Oyster""",7
"LeBron XXI ""World Is Your Oyster""",7
LeBron Witness V Shoes,7
"LeBron 21 ""USA"" PE",7
Laptop Bags,7
LaMelo Ball 2.0 Rick&Morty,7
LaFrance Lifestyle Sneaker,7
LA City Connect,7
Kyrie 4,7
Kobe 9 Elite Black Mamba Collection Fade to Black,7
Kobe 6 Blue Camouflage,7
"Kobe 6 ""Blue Camo""",7
"Kobe 5 Protro ""X-Ray""",7
Kobe 4 snkr,7
"Kobe 4 Protro ""Girl Dad""",7
Ko Hazard Hoodie Thermo-Fit,7
Killshot 2 'Black/Phantom',7
Kalki movie,7
"KD17 ""USA""",7
KD Weatherman shoes,7
KD 4 Retro,7
KD 3 cleats,7
KD 17 USA,7
"Juniper Trail 2 GORE-TEX ""Sand Drift/Glacier Blue""",7
Juneteenth Reeboks,7
Jumpman Jacks,7
Jumpman Jack ‚ÄòBright Cactus‚Äô,7
Jordan retros,7
Jordan Spizike Low 'Obsidian',7
Jordan Roam Slides,7
Jordan 5 Retro DJ Khaled We The Best,7
Jordan 1 Mid Court,7
"Jordan 1 Mid ""Bred Shadow""",7
"Jordan 1 Low Golf ""Aegean Storm""",7
"Jordan 1 Low ""Velvet Brown""",7
Jockstraps,7
Jock,7
Jerseys,7
Jerman Home Jersey,7
Japan Home 2024 Adidas x Y-3 Yamamoto,7
Jamaica Adicolor 3-Stripes,7
Ja 1'Bright Mandarin/Vapor Green',7
Ja 1 PE's,7
JA 1,7
J Force 1 Black x Jacquemus,7
"Invincible 3 ""Black/Dark Grey""",7
InfinityRN 4 GORE-TEX,7
"InfinityRN 4 ""Bright Crimson/Total Orange""",7
"ISPA Universal ""Midnight Navy""",7
ICFs,7
"I Basketball ""Clay""",7
HyperAdapts,7
Hot Step 2 Drake NOCTA White,7
"Hot Step 2 ""Triple White""",7
Hoods,7
Homegrown x Nike SB Dunk High,7
Home shirt,7
Home Stadium shirt,7
High-Tops shoes,7
Hey Jude ad,7
Headgear,7
"Harden Vol. 8 ""After Hours""",7
Handball Spezial X Sporty & Rich,7
Handball Spezial Cordura,7
Handball Spezial Collegiate Green Semi Green Spark,7
Handball Spezial Aluminium,7
Handball Spezial Alumina & Core Black,7
Hand 2 Trainers,7
HOME KIT,7
Gt-2160 Beige,7
Grey Fog Dunks,7
Golf Shorts,7
Godome,7
Goalkeeper Template,7
"Girl Dad"" Nike Kobe 4s",7
Germany 1990 Sweat Top,7
German tracksuit,7
Genesis OG dunks,7
Genesis Dunks OG edition,7
Generation O uniforms,7
Gel-nimbus 9,7
Gel-Nimbus 10.1 Grey Pure Silver,7
Gel-NYC Smoke Grey,7
Gel-NYC Cream Mineral Beige Pink,7
Gel-Kayano 14 x ON8,7
Gel-Kayano 14 Tai Chi Yellow,7
Gel-Kayano 14 Sweet Pink,7
Gel-Kayano 14 Beige,7
"Gel-Kayano 14 ""Cream Black""",7
Gel-1130 Red Dahlia,7
Gel-1130 Dark Neptune,7
Gel-1130 Cloud Grey,7
Gel-1130 'White/Red Dahlia',7
Gazelle in creamy red,7
Gazelle Spzl,7
Gazelle San Juan,7
Gazelle Indoor W Shock Purple & Yellow,7
Gazelle Indoor Red,7
"Gazelle Indoor ""Silver/Solar Yellow/Gum""",7
Gazelle Gore-Tex,7
Gazelle Beige,7
Gazelle 'San Juan' Sneaker,7
Garden hoses,7
Galaxy Foams,7
"GT-II ""Ultra Marine""",7
GT-2160 White Putty,7
GT-2160 Paris,7
GT Cut Cross,7
GT Cut 3s,7
GS Nike Air More Uptempo Black/Anthracite,7
GS Air Max 97s,7
GEL-VENTURE 6 White,7
GEL-Terrain,7
GEL-TERRAIN,7
GEL-QUANTUM 360 VIII,7
GEL-FLOWER 4,7
GEL-1130 sneakers 'WHITE/PURE SILVER',7
GEL-1130 'Cloud Grey',7
GEL 1130,7
"Full Force Low ""White/Phantom/Black""",7
Free RN NN,7
Free Metcon 6,7
Forum Low,7
Forever Jogger,7
Foamposites,7
Flyknit Bloom Hot Punch/Red Stardust,7
Fluidglow M STONE Sneaker,7
Flightposites,7
"Flight Duffle Bag ""Legend Medium Brown""",7
Flex Experience Run 12,7
Flash Orange,7
Fitness app,7
Fine Handknit Bucket Hat,7
Field General '82 SP,7
FUTURA LABORATORIES x NIKE SB DUNK LOW PRO,7
"FLARE (TD) ""Siren Red/Hyper Royal""",7
FC Barcelona Offcourt Slides,7
FC Barcelona Nike Slides,7
Eyewear,7
Every Stitch Considered Body suits,7
Euro 2024 replica ball,7
Essential 1/4 Cut socks,7
Element 4.0 Half Zip,7
Easy Rider Vintage Sneakers,7
Earls Collection,7
EVERYDAY MODERN TANK DRESS,7
EQT,7
Duramo SL Running Sneaker,7
"Dunk lows ""Halloween 2021""",7
"Dunk Void, Digital Collectible",7
Dunk VOID!,7
Dunk Szn,7
Dunk OG Edition,7
Dunk Mods,7
Dunk Low Unlocked By Marshall Faulk,7
Dunk Low Summit White Midnight Navy,7
Dunk Low Smoke Grey Gum 3M Swoosh,7
"Dunk Low SE ""Light Carbon""",7
Dunk Low Retro Prm Red Stardust,7
Dunk Low Retro Prm Lt Orewood Brn/lt British Tan-photo Blue,7
Dunk Low Pro SB Futura,7
Dunk Low Pro FZ8802-100,7
Dunk Low Premium 'Barely Green/Black',7
Dunk Low PRM Bacon shoe,7
Dunk Low PRM 'Red Stardust',7
Dunk Low Next Nature Aster Pink,7
"Dunk Low Next Nature ""Iron Grey/Coconut Milk""",7
"Dunk Low Next Nature ""Greyscale""",7
Dunk Low Medium Olive,7
Dunk Low GS,7
Dunk Low Brazil,7
Dunk Low Blue/Beige,7
Dunk Low - Gone Fishing 'Trout',7
Dunk Low 'Daybreak',7
Dunk Low 'Black/University Gold',7
"Dunk Low ""Team Red""",7
"Dunk Low ""Strawberry Waffle""",7
"Dunk Low ""Pink Glaze/White""",7
"Dunk Low ""Philly""",7
"Dunk Low ""Phantom/Safari""",7
"Dunk Low ""Oil Green"" Safari",7
"Dunk Low ""Light Pumice""",7
"Dunk Low ""Glacier Blue/Arctic Orange""",7
Dunk High 'Sesame',7
"Dunk High ""Wu-Tang""",7
"Dunk High ""Money Cat""",7
Dropset 3,7
Dropset 2,7
"Dri-FIT 3""",7
"Downshifter 12 ""Black/Particle Grey""",7
Double Wide,7
Doc Martens,7
Dirty Nike slides,7
Deschutz +,7
Defender Wheels,7
DedroneSensor RF-300 system,7
Datejust 41 Oystersteel,7
Dark Knight,7
DT Max 96 sneakers,7
DT Max 96 signature sneaker,7
DRep Pioneer Workshop,7
DNA range,7
D.O.N Issue,7
D'Lite,7
Custom zip up,7
CryptoKicks,7
Cross Line,7
Crop Top,7
Crew Heritage Stripe Socks,7
Creeper Phatty,7
"Crazy IIInfinity ""Crew Yellow""",7
Court Vision Low Sneakers,7
"Court Vision Low ""Black/White/Dusty Cactus""",7
Court Vision Alta sneakers,7
"Court Royale 2 Next Nature ""Black/White""",7
Court Legacy Lift 'White Vintage Green Gum',7
Country OG,7
Couch-to-Designed Sneakers,7
Cortez Textile Pink,7
Cortez '23 White Black Light Photo Blue,7
"Cortez ""Soft Pink""",7
Converse lows,7
Color Block Pique Top,7
Club C Revenge Vintage,7
Cloud Foam,7
Clay Foam Runners,7
Classic Royal Rally Shoes Sneaker,7
Classic Nylon,7
City Women's Trainer 3 Running Gym,7
City Connect vehicles,7
City Connect duds,7
City Classic Premium Cargo Khaki,7
Citan Mixto,7
Chuck 70 De Luxe Heel,7
Child Terrex Mid Gore-Tex Hi Rise Hiking Boots,7
Champions League footballs,7
Carina Street sneakers,7
CardanoGirls,7
Campus sneakers,7
Campus 80s,7
Campus 2 Korn,7
Campus 00s Grey Gum,7
"Campus 00s ""Clear Sky Blue""",7
Campus 00S Dark Green & Off White,7
Campus 00S Black,7
Campus 00's,7
Campus '00s,7
Camera,7
Calm Slides,7
Busenitz,7
Bronny Ad,7
Brodie Lee Jr Dream Match,7
Breaking Ball,7
Borg Sneakers,7
Book 1 PE,7
Bonce,7
Board Member,7
Blazers,7
Blazer Mid '77 Jumbo,7
Black Pumas' cream vinyl,7
Black Adidas,7
Baseball Top,7
Bape Ape Head Signet Ring,7
BIG KIDS' AIR MAX 1,7
Away Kit,7
Away 24-26 Nike,7
Avant Golf Shoes,7
Asics Tan & Orange Gel Sonoma 15 50 Sneakers,7
Ashluxe,7
Argentina 1994 Away adidas Originals,7
Apex Camo Performance Bucket Hat,7
AlphaFly 3 'Volt',7
All Star Converse Sneakers,7
Airmax Sc,7
Airmax 1,7
Airforce 1 Shoes,7
Air Zoom Spiridon's,7
Air Zoom Spiridon Cage 2 Black/Anthracite,7
"Air Zoom Spiridon Cage 2 ""Metallic Silver""",7
Air Zoom Mid,7
Air Zoom Mercurial Vapor 15 Elite FG,7
Air Zoom GT Cut 3,7
Air Vapormax 23,7
Air VaporMax Plus White,7
Air VaporMax Plus 'Psychic Blue',7
Air VaporMax Plus 'Game Royal',7
"Air VaporMax 2023 Flyknit ""Black/Anthracite""",7
Air Uptempo Ambush,7
"Air Trainer SB ""Gold Digger""",7
Air Therma-FIT Synthetic-Fill Jacket,7
Air Sunder Max,7
Air Speed Turf - Boys' Grade School,7
"Air Rift Breathe ""Concord Varsity Maize""",7
Air RIFT,7
"Air More Uptempo Slide ""Triple White""",7
Air More Uptempo 96 'Olympic',7
"Air More Uptempo '96 ""Olympic""",7
"Air More Uptempo ""Olympics""",7
Air Monarch 95s,7
Air Max Vapormax 23,7
"Air Max Uptempo 95 OG ""Teal""",7
Air Max Triax 96,7
Air Max Triax 2,7
Air Max TW,7
Air Max TL 2.5,7
Air Max Sunder GORE-TEX,7
Air Max Solo SE,7
"Air Max Solo ""Triple Black""",7
Air Max Shoes,7
Air Max SNDR GORE-TEX Pack,7
Air Max SC ‚ÄúWhite University Red‚Äù,7
Air Max Portal Collection,7
"Air Max Plus Tiempo ""Wolf Grey""",7
"Air Max Plus Tiempo ""Black""",7
Air Max Plus TNPO,7
Air Max Plus Drift Carbon Fiber,7
Air Max Plus Drift Cacao Wow,7
"Air Max Plus Drift ""Triple Black Carbon Fiber""",7
Air Max Plus Cyber/Glacier Blue/Silver,7
Air Max Plus Aquarius Blue,7
Air Max Plus 25th Anniversary,7
"Air Max Plus ""Silver/Red""",7
"Air Max Plus ""Mean Green""",7
"Air Max Plus ""Cyber""",7
Air Max Nuaxis,7
Air Max LTD 3,7
"Air Max Furyosa NRG ""Platinum Violet""",7
Air Max Dn Sail,7
"Air Max Dn ""Wolf Grey""",7
"Air Max Dn ""White Metallic Silver""",7
"Air Max Dn ""Olive Flak""",7
Air Max DT 96,7
Air Max DN Black,7
Air Max DN 'Sky Blue',7
Air Max DN 'Particle Grey' JS,7
Air Max BW,7
"Air Max Alpha Trainer 6 ""Cool Grey/Pure Platinum""",7
Air Max 90 Wolf Grey,7
Air Max 90 Neutral Olive/ Medium Olive / Black Sneaker,7
Air Max 90 Gore-Tex,7
Air Max 90 GTX Infrared,7
"Air Max 270 ""Black/Lightning""",7
"Air Max 2013 ""Volt""",7
Air Max 2 Uptempo '94,7
Air Max 180 Ultramarine,7
Air Max 1's,7
Air Max 1 Sp Anthracite / Pear-medium Grey-flat Pewter,7
Air Max 1 SP HUF Pear Green,7
"Air Max 1 SP ""Pear Green""",7
Air Max 1 SC Noise Aqua,7
Air Max 1 SC 'Field Purple',7
Air Max 1 Olympic,7
Air Max 1 LX 'Team Red',7
"Air Max 1 Golf ""Black White""",7
Air Max 1 Crepe Brown (2022),7
"Air Max 1 By You ""Mint Crocodile"" sneakers",7
Air Max 1 'White/University Gold',7
Air Max 1 'Easter',7
"Air Max 1 '86 OG Golf NRG ""Ryder/Solheim""",7
"Air Max 1 ""White/Black""",7
"Air Max 1 ""Madden""",7
"Air Max 1 ""Hufquake""",7
Air Jordan Legacy 312 Low White/Black,7
Air Jordan Jumpman 1 Low Flyease,7
"Air Jordan 6 ""Midnight Navy""",7
Air Jordan 4s ‚ÄúBLACK CAT‚Äù,7
"Air Jordan 4s ""BLACK CAT""",7
"Air Jordan 4 ""Varsity Red""",7
Air Jordan 3 Retro x Nina Chanel Abney Bicoastal & Malachite,7
"Air Jordan 12 ""Melo""",7
Air Jordan 1 Zoom CMFT 2 'Oxidized Green',7
Air Jordan 1 Mule Golf 'Nothing But Net',7
Air Jordan 1 Mid Green Glow,7
Air Jordan 1 Mid 'Black/White/Gym Red',7
Air Jordan 1 Low 'Black/Cement Grey/Fire Red',7
"Air Jordan 1 High Zoom CMFT 2 ""Oxidized Green""",7
Air Jordan 1 High Flyease,7
Air Jordan 1 Flyease,7
Air Force 1 Socks,7
Air Force 1 Mid SP Off-White Varsity Maize,7
Air Force 1 Low Wheat (2019) (GS),7
Air Force 1 Low Travis Scott (AF100),7
Air Force 1 Low Retro Linen,7
"Air Force 1 Low Premium ""Escape""",7
Air Force 1 Low 'Black/Dark Smoke Grey',7
Air Force 1 Low '07 Laser Orange sneakers,7
Air Force 1 Low '07 Athletic Department Sail Deep Royal Blue,7
"Air Force 1 Low '07 ""White Malachite Swoosh""",7
"Air Force 1 Low '07 ""Cosmic Clay""",7
"Air Force 1 Low ""White Light Photo Blue""",7
"Air Force 1 Low ""White Grey Orange""",7
"Air Force 1 Low ""White Aquarius Blue""",7
"Air Force 1 Low ""Arctic Orange""",7
Air Force 1 LV8 2 WT,7
"Air Force 1 High ""Presidential""",7
"Air Force 1 ""Wolf Grey/Cool Grey""",7
"Air Force 1 ""Vanta Black""",7
"Air Force 1 ""Paranoise 3.0""",7
"Air Force 1 ""One Night Only"" samples",7
"Air Foamposite One ""Cherry Blossoms""",7
"Air Flightposite One ""Metallic Gold""",7
Air Flight 89,7
Air Flight '89,7
Air Alpha Force 88,7
Air 180 Alabaster & Dusty Cactus,7
Aidan Hutchinson Nike 2nd Alternate Game Jersey,7
Advantage Sneakers,7
Advantage Premium Leather Shoes Sneakers,7
Adidas training gear,7
Adidas X Clot,7
Adidas Samba XLG,7
Adidas Chile tracksuit,7
Adidas 1990 Sweat Top,7
Adapt shoes,7
Adapt BB sneakers,7
ASTIR Women's Training Running Shoes,7
ASICs GEL - 1990 CREAM BLUE BROWN,7
ASIC bag,7
"AIR MAX PULSE ""Black/Midnight Navy""",7
AIR MAX 270 PULSE WHITE SNEAKERS,7
AIR FORCE,7
AF1 PINK PAISLEY,7
AF1 Customized,7
AE1 Low,7
"AE 1 Low ""USA Pack""",7
ADIFOM IIINFINITY Mule/Slide,7
ADICOLOR NEUCLASSICS PANTS,7
ACG Watercat+,7
A'ja Wilson x Amadi B.,7
A'One' shoe,7
6 Pack Everyday Plus Cushioned Socks,7
40mm CTAS cannon,7
24/25 home shirt,7
2024 Nike editions,7
1968 catalogue,7
1897 collection,7
11pro football boots,7
115 titles,7
